101	-6017.059999999998	-12978.159999999218
102	-6010.890000000014	-15566.71999999974
103	-7509.670000000042	-12959.569999999367
104	-6812.910000000033	-11601.199999999255
105	-4518.25	-15538.449999999255
106	-2267.8600000000442	-16864.159999999218
107	-2261.170000000042	-11669.389999999665
108	-8261.300000000047	-11664.689999999478
109	-7577.72000000003	-10312.02999999933
110	-5252.940000000002	-11665.109999999404
111	-763.7900000000373	-16862.069999999367
112	-2262.1199999999953	-14263.71999999974
113	-1515.8300000000163	-15566.729999999516
114	-3005.3699999999953	-10358.239999999292
115	-16503.400000000023	-15568.759999999776
116	-4499.360000000044	-10377.02999999933
117	-3762.7700000000186	-11662.27999999933
118	-6006.270000000019	-10373.859999999404
119	-3006.3000000000466	-12964.339999999851
121	-6756.830000000016	-22033.33999999985
122	-1510.6500000000233	-12957.639999999665
123	-17990.52000000002	-15621.649999999441
124	-17266.080000000016	-16867.429999999702
125	-10515.059999999998	-23346.929999999702
126	-17314.97000000003	-14250.370000000112
127	-16512.369999999995	-12972.519999999553
128	-10506.280000000028	-20769.099999999627
129	-17998.550000000047	-12945.839999999851
130	-17307.440000000002	-11682.580000000075
131	-6764.650000000023	-14261.620000000112
132	-1509.9100000000326	-18164.419999999925
133	-3009.6500000000233	-18167.0
134	-3047.0500000000466	-15486.459999999963
135	-4509.850000000035	-18168.62999999989
137	2988.469999999972	-20771.12999999989
138	-5261.97000000003	-14270.359999999404
139	-4506.550000000047	-12967.189999999478
140	-3746.1900000000023	-14269.620000000112
141	3738.3699999999953	-11671.299999999814
142	-3757.6500000000233	-16864.199999999255
143	-6007.830000000016	-18167.459999999963
144	-5257.160000000033	-16865.62000000011
145	-5257.340000000026	-19464.12999999989
146	-3757.4500000000116	-19468.459999999963
147	-2260.7000000000116	-19463.330000000075
148	-7508.460000000021	-18172.959999999963
149	-6761.320000000007	-19465.96999999974
150	-6761.150000000023	-16864.109999999404
151	-7519.350000000035	-15584.370000000112
152	-12037.809999999998	-18141.290000000037
153	-11247.290000000037	-19471.709999999963
154	-9764.820000000007	-19480.52999999933
155	-10524.040000000037	-18157.389999999665
156	-8994.030000000028	-15551.629999999888
157	-9739.390000000014	-16865.58999999985
158	-8263.900000000023	-16871.30999999959
159	-14273.390000000014	-14271.370000000112
160	-13509.840000000026	-15562.109999999404
161	-12770.76000000001	-14268.459999999963
162	-11181.48000000004	-14282.659999999218
163	-12758.400000000023	-16865.509999999776
164	-12041.869999999995	-15580.25
165	-11239.0	-16880.859999999404
166	-10526.76000000001	-15580.729999999516
167	-7512.100000000035	-20767.580000000075
168	-8979.410000000033	-20772.449999999255
169	-8261.330000000016	-19468.179999999702
170	-9025.340000000026	-18179.68999999948
171	-8994.880000000005	-12969.120000000112
172	-9761.670000000042	-14268.729999999516
173	-8259.73000000004	-14294.709999999963
174	-10561.530000000028	-13025.629999999888
175	-11952.350000000035	-10419.459999999963
176	-11323.860000000044	-11672.30999999959
177	-12760.880000000005	-11632.629999999888
178	-12089.059999999998	-13021.129999999888
179	-9775.73000000004	-11621.239999999292
180	-15787.450000000012	-16914.639999999665
181	-15002.920000000042	-15577.519999999553
182	-14233.740000000049	-16852.040000000037
183	-10482.059999999998	-10451.179999999702
184	-15857.410000000033	-14285.599999999627
187	-15781.910000000033	-11686.349999999627
188	-14223.76000000001	-11736.370000000112
189	-13451.860000000044	-12933.589999999851
190	-15011.200000000012	-12964.019999999553
191	-4511.030000000028	-20761.909999999218
192	-6061.23000000004	-20762.21999999974
193	-5167.880000000005	-22071.409999999218
194	-3009.2900000000373	-20760.75
195	-2260.3000000000466	-22055.319999999367
196	-8264.790000000037	-22056.62000000011
197	-9761.75	-22057.799999999814
198	-3766.1100000000442	-22067.409999999218
199	-7505.110000000044	-23313.679999999702
200	-4511.0	-23354.199999999255
201	-6028.119999999995	-23322.83999999985
202	-3011.240000000049	-23349.139999999665
203	-5261.020000000019	-9066.330000000075
204	-3760.7700000000186	-9072.609999999404
205	-6766.960000000021	-9070.120000000112
206	-4510.73000000004	-7780.769999999553
207	1484.1900000000023	-15564.330000000075
208	4489.679999999993	-18173.819999999367
209	-760.4300000000512	-11671.419999999925
211	-10.369999999995343	-10369.96999999974
212	-1512.1100000000442	-10371.679999999702
213	-3009.3300000000163	-7778.739999999292
214	738.2999999999884	-11670.239999999292
215	-2258.0900000000256	-9072.379999999888
216	-1510.990000000049	-7781.05999999959
217	-756.5599999999977	-9076.370000000112
218	-10.610000000044238	-12969.639999999665
219	2.9699999999720603	-18168.89999999944
220	739.6699999999837	-16870.62999999989
221	3745.2699999999604	-16863.599999999627
222	-1507.5500000000466	-20769.209999999963
223	-10.17000000004191	-15568.580000000075
224	-11.630000000004657	-20769.609999999404
225	1490.539999999979	-18171.109999999404
226	736.8699999999953	-14270.709999999963
227	2990.289999999979	-18172.33999999985
228	2978.9099999999744	-23358.830000000075
229	-760.9300000000512	-14261.089999999851
230	5238.159999999974	-14271.409999999218
231	739.789999999979	-19468.429999999702
232	-760.5900000000256	-19468.159999999218
233	2237.8099999999977	-16869.62000000011
234	2236.569999999949	-14268.409999999218
235	1487.219999999972	-12957.759999999776
236	5239.839999999967	-16868.71999999974
237	2989.4499999999534	-15575.629999999888
238	2986.179999999993	-12966.639999999665
239	4489.639999999956	-15570.089999999851
240	3740.0999999999767	-14272.069999999367
241	1487.4099999999744	-20763.43999999948
242	3750.829999999958	-19440.14999999944
243	2237.7999999999884	-19460.25
244	1489.75	-10373.419999999925
245	2239.829999999958	-22053.729999999516
246	737.679999999993	-22060.30999999959
247	4488.979999999981	-12973.27999999933
248	2242.5299999999697	-11670.139999999665
249	3737.2299999999814	-22064.449999999255
250	7488.209999999963	-20773.209999999963
251	3737.6699999999837	-9075.919999999925
254	2981.9599999999627	-7803.0
255	5987.76999999996	-20771.489999999292
256	5238.459999999963	-19473.139999999665
257	4492.979999999981	-20769.290000000037
258	-12.330000000016298	-7780.299999999814
259	738.5899999999674	-9067.27999999933
260	2988.4899999999907	-10371.549999999814
261	2233.819999999949	-9077.069999999367
262	6738.219999999972	-19472.05999999959
263	5990.199999999953	-18168.599999999627
264	8237.139999999956	-22058.859999999404
265	6738.899999999965	-22063.889999999665
266	2240.3699999999953	-24662.68999999948
267	5238.909999999974	-22060.659999999218
268	8986.669999999984	-23357.12000000011
269	4486.719999999972	-23359.049999999814
270	5967.02999999997	-23368.599999999627
271	7475.909999999974	-23310.790000000037
272	3738.109999999986	-24660.659999999218
273	739.0699999999488	-24661.540000000037
274	-11.590000000025611	-23359.199999999255
275	1490.2799999999697	-23356.359999999404
276	2988.039999999979	-25964.30999999959
277	5240.099999999977	-24662.21999999974
278	6738.009999999951	-24661.409999999218
279	4487.409999999974	-25955.58999999985
280	737.8499999999767	-27260.39999999944
281	1486.2799999999697	-25957.080000000075
282	-781.4500000000116	-27322.859999999404
283	-2258.6500000000233	-24658.43999999948
284	-13.340000000025611	-25959.0
285	8236.469999999972	-24662.18999999948
286	7487.719999999972	-25961.269999999553
287	5983.27999999997	-25972.669999999925
288	3737.179999999993	-27260.790000000037
289	5233.130000000005	-27262.5
291	2239.6300000000047	-27251.80999999959
292	-1512.0400000000373	-25960.080000000075
293	-1511.9100000000326	-31159.389999999665
294	-3008.320000000007	-31158.790000000037
295	-1508.5500000000466	-23367.830000000075
296	-3762.5500000000466	-27263.009999999776
297	-2262.8000000000466	-27261.39999999944
298	6750.789999999979	-27267.83999999985
299	-3012.2300000000396	-25954.83999999985
300	-9014.119999999995	-31154.580000000075
301	-2261.4100000000326	-29859.290000000037
302	-4509.309999999998	-31160.37000000011
303	-3762.0200000000186	-29859.27999999933
304	-3713.0800000000163	-24680.790000000037
305	-5262.48000000004	-24667.759999999776
306	-7516.48000000004	-25972.099999999627
307	-6009.780000000028	-25958.08999999985
308	-8262.340000000026	-24653.62000000011
309	3740.6599999999744	-32455.540000000037
310	-6758.150000000023	-24655.979999999516
311	-5261.850000000035	-27264.46999999974
312	-4524.440000000002	-25970.319999999367
313	-6013.070000000007	-28559.909999999218
314	-763.6700000000419	-29855.37000000011
315	-6762.390000000014	-27258.229999999516
316	-760.5800000000163	-22062.12000000011
317	2986.039999999979	-28584.02999999933
318	-17254.880000000005	-24653.449999999255
319	-4512.72000000003	-28559.069999999367
320	-17260.22000000003	-22062.659999999218
321	-15762.530000000028	-32460.669999999925
322	-15013.650000000023	-31160.12000000011
323	-15761.98000000004	-24659.830000000075
324	-3012.780000000028	-28568.799999999814
325	-6741.300000000047	-32446.93999999948
326	-1514.3400000000256	-28557.259999999776
327	4488.339999999967	-31157.0
328	-7511.950000000012	-28561.799999999814
329	-6015.770000000019	-31162.39999999944
330	-7512.770000000019	-31157.37999999989
331	-5263.450000000012	-32462.21999999974
332	-9011.540000000037	-25956.449999999255
333	-10510.540000000037	-25954.71999999974
334	-8262.809999999998	-29862.299999999814
336	-2261.5500000000466	-32459.14999999944
337	-8261.080000000016	-32462.96999999974
338	-19528.100000000035	-23356.199999999255
339	-6761.400000000023	-29848.929999999702
340	-5260.97000000003	-29860.75
341	-8262.040000000037	-27259.62999999989
342	-9761.280000000028	-27258.859999999404
343	-9012.680000000051	-28562.889999999665
344	-11261.0	-27259.229999999516
345	737.1399999999558	-32460.330000000075
346	-18777.090000000026	-29816.71999999974
347	5237.559999999998	-29855.709999999963
348	3739.8800000000047	-29858.830000000075
349	11.940000000002328	-31116.580000000075
350	-763.4700000000303	-32463.659999999218
351	1489.289999999979	-31153.419999999925
352	4478.659999999974	-28562.159999999218
353	2238.7099999999627	-32460.64999999944
354	-9757.270000000019	-24660.87000000011
356	-9084.01000000001	-23296.989999999292
357	-14.330000000016298	-28558.580000000075
358	738.0199999999604	-29859.93999999948
359	2238.3399999999674	-29864.639999999665
360	-15763.710000000021	-29857.549999999814
361	-17263.050000000047	-29860.179999999702
362	1487.1399999999558	-28561.80999999959
363	-18751.160000000033	-22048.18999999948
364	-18013.530000000028	-28561.709999999963
365	-18030.920000000042	-23380.609999999404
366	-18763.300000000047	-24660.319999999367
367	-16533.890000000014	-28578.429999999702
368	-19520.77000000002	-28558.049999999814
369	-16512.98000000004	-23357.55999999959
370	-18758.559999999998	-27261.479999999516
371	-20264.75	-27267.599999999627
372	-19497.440000000002	-20740.64999999944
373	-21762.590000000026	-22078.27999999933
374	-16511.49000000005	-25960.540000000037
375	-14261.670000000042	-27259.769999999553
376	-15761.680000000051	-27258.359999999404
377	-21017.71000000002	-20759.319999999367
378	-16512.840000000026	-31159.849999999627
379	-18013.47000000003	-31159.62000000011
380	6737.919999999984	-9066.799999999814
381	5227.849999999977	-9064.899999999441
382	5989.539999999979	-7784.870000000112
383	-10507.680000000051	-31165.239999999292
384	-13509.290000000037	-31161.799999999814
385	-12011.960000000021	-31164.139999999665
386	-9762.840000000026	-32460.709999999963
387	-11262.680000000051	-32458.099999999627
388	-22514.160000000033	-23361.509999999776
389	-21019.27000000002	-23316.259999999776
390	-15013.390000000014	-25959.75
392	4483.329999999958	-7782.959999999963
393	-20263.660000000033	-22036.139999999665
394	-13509.98000000004	-25960.830000000075
395	-20301.46000000002	-24659.0
396	-13514.630000000005	-23349.52999999933
397	-16521.72000000003	-20758.62000000011
398	-21759.22000000003	-24660.12999999989
399	-19510.96000000002	-25961.259999999776
400	-15007.950000000012	-20761.21999999974
401	-21009.95000000001	-25962.179999999702
402	-17261.650000000023	-27260.83999999985
403	-11299.460000000021	-24596.75
404	-17998.550000000047	-20764.71999999974
405	-12760.300000000047	-24649.46999999974
406	-20230.46000000002	-19374.049999999814
407	-19506.170000000042	-18161.96999999974
408	-12020.360000000044	-25975.679999999702
409	-21010.0	-18149.269999999553
410	-12012.150000000023	-23357.739999999292
411	5989.469999999972	-10368.989999999292
412	-14266.98000000004	-24640.43999999948
413	5240.859999999986	-11670.419999999925
414	-14272.020000000019	-22039.949999999255
415	-15737.050000000047	-22068.239999999292
416	-14998.640000000014	-23355.12999999989
417	-17258.74000000005	-19464.319999999367
418	6739.380000000005	-11669.02999999933
419	-10511.5	-28559.049999999814
420	7490.380000000005	-10372.519999999553
421	-20260.68000000005	-16865.77999999933
422	-12010.910000000033	-28559.319999999367
423	-18761.660000000033	-16863.87999999989
424	-18008.119999999995	-18164.83999999985
425	-12760.75	-27259.169999999925
426	-21760.080000000016	-16866.0
427	-14262.26000000001	-29864.099999999627
429	-15011.809999999998	-28562.069999999367
431	-11260.119999999995	-29859.739999999292
432	-13510.820000000007	-28559.549999999814
433	-12762.340000000026	-29861.27999999933
434	-9762.170000000042	-29861.080000000075
435	-14259.410000000033	-19469.5
436	-12007.630000000005	-20770.080000000075
437	-12758.990000000049	-19465.069999999367
438	-11264.830000000016	-22062.759999999776
440	-14260.410000000033	-32459.87000000011
441	-12758.390000000014	-32457.919999999925
447	-18759.0	-19464.269999999553
448	-13508.080000000016	-20762.179999999702
449	-15006.830000000016	-18163.77999999933
450	5988.789999999979	-12966.989999999292
452	7491.609999999986	-12971.379999999888
453	-13508.660000000033	-18166.299999999814
454	8240.299999999988	-11667.489999999292
455	6739.449999999953	-16869.489999999292
456	7485.119999999995	-15553.129999999888
457	5988.699999999953	-15569.459999999963
458	8239.179999999993	-14272.099999999627
459	6741.26999999996	-14272.129999999888
460	8995.539999999979	-25959.64999999944
461	8240.909999999974	-27261.349999999627
462	8991.440000000002	-28563.609999999404
463	6737.01999999996	-29859.419999999925
464	9739.309999999998	-27261.80999999959
465	11238.190000000002	-24660.12000000011
466	10489.059999999998	-25959.609999999404
468	5237.829999999958	-32461.87000000011
470	-3761.0200000000186	-32458.979999999516
471	9742.440000000002	-24662.18999999948
472	10480.630000000005	-23351.580000000075
473	7488.839999999967	-28560.659999999218
474	8237.199999999953	-29861.330000000075
475	5994.940000000002	-28550.429999999702
476	6735.059999999998	-32465.5
479	5987.699999999953	-31160.409999999218
480	7490.959999999963	-31158.989999999292
481	-9011.97000000003	-10366.419999999925
482	-9759.97000000003	-9069.989999999292
483	9747.309999999998	-22057.639999999665
484	-11254.670000000042	-9048.799999999814
485	-8263.869999999995	-9072.609999999404
486	-12014.0	-7776.899999999441
487	-9011.290000000037	-7781.049999999814
488	-10510.380000000005	-7781.649999999441
489	-12753.210000000021	-6536.529999999329
490	10491.009999999951	-20768.830000000075
491	11233.569999999949	-22052.509999999776
492	11987.719999999972	-23361.830000000075
493	12738.909999999974	-22059.08999999985
494	11996.079999999958	-20768.359999999404
495	11238.77999999997	-19471.80999999959
496	13488.690000000002	-20771.080000000075
497	8989.599999999977	-20778.449999999255
498	7489.239999999991	-18173.89999999944
499	9748.219999999972	-19484.049999999814
500	14250.869999999995	-24649.859999999404
501	8237.0	-19472.68999999948
502	-1510.6199999999953	-5178.679999999702
503	2240.6699999999837	-3883.8799999998882
504	2237.5999999999767	-6471.239999999292
505	3740.539999999979	-3882.5400000000373
506	2988.75	-5174.359999999404
507	14989.699999999953	-12967.899999999441
508	11987.349999999977	-12967.959999999963
509	-757.7000000000116	-3878.2299999995157
510	1489.5599999999977	-5177.5
511	741.9400000000023	-3880.2299999995157
513	14239.139999999956	-19473.929999999702
514	9739.399999999965	-14269.609999999404
515	-761.070000000007	-6475.089999999851
518	11238.819999999949	-27262.27999999933
519	12740.01999999996	-27262.859999999404
521	13488.869999999995	-15569.129999999888
523	-4.9500000000116415	-5177.679999999702
525	803.179999999993	-6483.429999999702
528	11236.27999999997	-16884.08999999985
529	12738.599999999977	-16870.099999999627
530	10491.039999999979	-28558.169999999925
531	11987.690000000002	-28562.580000000075
532	8987.419999999984	-15574.909999999218
534	9738.059999999998	-16879.790000000037
535	-9761.080000000016	-6481.5800000000745
536	-11258.350000000035	-6483.779999999329
537	-8261.050000000047	-6481.239999999292
538	8983.809999999998	-18174.330000000075
539	10487.609999999986	-18177.290000000037
540	8236.099999999977	-16869.05999999959
541	14238.979999999981	-14269.27999999933
542	-6760.740000000049	-6477.05999999959
543	11236.169999999984	-11666.239999999292
544	14272.929999999993	-16876.979999999516
545	-3041.1900000000023	7821.980000000447
546	14237.069999999949	-22057.71999999974
547	14988.969999999972	-18172.39999999944
548	-6008.700000000012	-7761.25
549	9740.039999999979	-11669.5
550	13494.690000000002	-25970.409999999218
551	-12810.369999999995	-3881.6299999998882
552	11990.459999999963	-25959.389999999665
554	12738.869999999995	-19471.479999999516
555	13488.049999999988	-12970.679999999702
557	12736.929999999993	-24661.669999999925
558	-10508.72000000003	-5180.9199999999255
559	11238.469999999972	-14267.949999999255
560	-12007.869999999995	-5182.769999999553
562	8990.01999999996	-12968.179999999702
563	-15009.140000000014	-5182.0999999996275
564	15738.259999999951	-16872.699999999255
565	-9013.380000000005	-5179.7599999997765
566	13489.479999999981	-18170.359999999404
568	-13509.820000000007	-5181.609999999404
569	13479.669999999984	-23361.949999999255
570	11986.48999999999	-18168.549999999814
571	12735.329999999958	-11670.839999999851
572	14988.630000000005	-23349.759999999776
573	10492.539999999979	-15569.669999999925
574	11989.979999999981	-15571.379999999888
575	12738.219999999972	-14267.689999999478
576	10489.889999999956	-12970.580000000075
577	-15759.48000000004	-3880.7199999997392
578	14236.599999999977	-11666.77999999933
579	14986.969999999972	-15567.989999999292
580	15738.690000000002	-14270.80999999959
581	16488.919999999984	-15568.349999999627
582	-7530.950000000012	-7876.709999999963
583	-27758.74000000005	6513.790000000037
584	-17257.45000000001	-3870.179999999702
586	-15006.790000000037	-2579.0400000000373
587	-14260.390000000014	-3877.269999999553
588	-21016.860000000044	19.62999999988824
589	-18761.910000000033	-3878.3899999996647
590	-16544.580000000016	-5139.139999999665
591	-25508.100000000035	2621.5600000005215
592	-18745.580000000016	-1339.1699999999255
593	-13392.030000000028	-2474.2199999997392
594	-18004.51000000001	-2579.2900000000373
595	-20268.050000000047	-1268.9899999992922
596	-16514.360000000044	-2580.5400000000373
597	-27004.790000000037	5209.9900000002235
598	-19514.540000000037	-2584.699999999255
599	-26256.900000000023	3923.1299999998882
600	-30759.160000000033	1323.9900000002235
601	-29268.290000000037	6511.180000000633
602	-26260.540000000037	6507.350000000559
603	-28509.24000000005	5236.8300000000745
604	-14178.420000000042	-6507.0800000000745
605	-28511.630000000005	7813.760000000708
606	-25511.24000000005	5212.890000000596
607	-27016.26000000001	10409.830000000075
608	-26264.46000000002	9107.600000000559
609	-27013.130000000005	7811.629999999888
610	-33007.02000000002	22.480000000447035
611	-27757.119999999995	1320.6000000005588
612	-24751.660000000033	3925.640000000596
613	-24012.96000000002	2622.4700000006706
615	-27762.0	9109.410000000149
616	-27759.95000000001	3924.0200000004843
617	-29260.71000000002	1322.5200000004843
618	-30006.830000000016	2619.1200000001118
619	-28512.27000000002	2615.7800000002608
620	-31509.24000000005	23.87999999988824
621	-29264.160000000033	-1269.4599999999627
622	-26262.43000000005	1342.2700000004843
623	-27011.46000000002	2621.9000000003725
624	-27740.130000000005	-1286.7599999997765
625	-32244.619999999995	1317.1800000006333
626	-24767.559999999998	-1284.5099999997765
627	-30757.309999999998	-1280.2399999992922
628	-24759.600000000035	1323.8799999998882
629	-22507.630000000005	23.470000000670552
630	-30006.890000000014	18.87999999988824
632	-25510.96000000002	22.9300000006333
633	-29259.559999999998	3921.7099999999627
634	-23257.300000000047	-1275.1200000001118
635	-21010.380000000005	7812.270000000484
636	-21760.900000000023	-1277.5699999993667
637	-26262.98000000004	-1280.4799999995157
638	-27013.540000000037	19.66000000014901
639	-25510.900000000023	7809.120000000112
640	-23253.43000000005	1320.0100000007078
641	-24012.290000000037	29.5
642	9743.709999999963	-9067.21999999974
643	-22510.21000000002	7811.610000000335
644	-33762.840000000026	-1275.449999999255
645	10529.219999999972	-10391.199999999255
646	8237.259999999951	-9061.0
647	8991.589999999967	-10363.729999999516
648	-32274.21000000002	-1273.2599999997765
649	-28505.420000000042	23.890000000596046
650	-24010.48000000004	5220.0
651	-24009.45000000001	7810.629999999888
652	-19502.02000000002	17.050000000745058
653	-21008.530000000028	5215.140000000596
654	8234.259999999951	-6473.969999999739
655	-20263.390000000014	1312.5900000007823
656	-19508.530000000028	5209.850000000559
657	-19509.080000000016	7807.230000000447
658	-22512.51000000001	5217.520000000484
659	-24759.840000000026	6513.720000000671
660	-23262.780000000028	6513.970000000671
661	-23260.650000000023	3926.100000000559
662	-20994.98000000004	2608.5300000002608
663	-21771.49000000005	6490.890000000596
664	-20267.18000000005	6515.010000000708
665	-19506.130000000005	2603.980000000447
666	-21759.0	3925.7800000002608
667	-16508.890000000014	-18167.929999999702
668	-15776.390000000014	-19449.77999999933
669	-22506.860000000044	10416.25
670	20984.03999999998	-5169.30999999959
671	-22501.780000000028	2626.510000000708
672	-20259.110000000044	3926.070000000298
673	23985.869999999995	-5179.359999999404
674	11234.959999999963	-9052.949999999255
675	8979.889999999956	-7762.149999999441
676	11986.349999999977	-10361.889999999665
677	29238.459999999963	-1267.25
678	28493.139999999956	30.81000000052154
679	12739.459999999963	-9080.189999999478
680	30741.959999999963	1323.75
681	7486.869999999995	-7775.909999999218
682	29993.619999999995	5213.590000000782
683	9756.76999999996	-6466.459999999963
684	-21757.350000000035	14311.080000000075
686	13490.139999999956	-10372.409999999218
687	32227.130000000005	3929.260000000708
688	-24012.380000000005	10411.040000000037
689	-21008.860000000044	13014.200000000186
690	-20257.400000000023	14314.560000000522
691	11986.26999999996	-5174.429999999702
692	11243.259999999951	-3869.089999999851
693	-22509.01000000001	13008.290000000037
694	-19513.790000000037	13011.22000000067
695	-21760.93000000005	11702.419999999925
696	10480.509999999951	-5174.739999999292
697	13492.169999999984	-5184.659999999218
698	-23263.360000000044	11711.150000000373
699	-25511.71000000002	13009.890000000596
700	12000.969999999972	-7785.449999999255
701	-25506.130000000005	10407.919999999925
702	-24759.25	11707.450000000186
703	-24013.93000000005	13006.570000000298
704	11240.690000000002	-6469.609999999404
705	10487.599999999977	-7774.979999999516
706	32239.690000000002	6509.9199999999255
707	-21003.059999999998	10408.19000000041
708	28486.179999999993	5205.800000000745
709	12740.709999999963	-6476.459999999963
710	-24754.420000000042	9116.900000000373
711	32990.77999999997	5215.450000000186
712	31491.5	5213.230000000447
713	-20264.800000000047	11711.370000000112
714	15736.27999999997	-3877.30999999959
715	17241.01999999996	-6474.269999999553
716	13490.880000000005	-7762.540000000037
717	15735.630000000005	-9070.5
718	14246.259999999951	-9065.080000000075
719	16482.949999999953	-5180.729999999516
720	17994.380000000005	-7767.019999999553
721	12746.23999999999	-3878.25
722	15002.049999999988	-7770.0800000000745
723	14236.899999999965	-3873.6699999999255
724	15736.5	-6477.4199999999255
725	14234.609999999986	-6476.659999999218
726	14984.179999999993	-5168.229999999516
727	14993.880000000005	-10360.919999999925
728	16495.959999999963	-10371.580000000075
729	16497.81999999995	-7774.75
730	17244.869999999995	-14263.169999999925
731	17990.48999999999	-5181.0099999997765
732	26995.73999999999	19.820000000298023
733	17236.77999999997	-3878.0499999998137
734	-23260.920000000042	9112.010000000708
735	18737.97999999998	-3878.649999999441
736	-20257.610000000044	9112.930000000633
737	30742.26999999996	6518.129999999888
738	27742.190000000002	3915.100000000559
739	25491.47999999998	20.070000000298023
740	29248.059999999998	1314.7600000007078
741	24736.97999999998	1325.980000000447
742	19490.949999999953	-7780.989999999292
743	29987.78999999998	2625.100000000559
744	26994.649999999965	2621.2800000002608
745	25486.719999999972	2623.1699999999255
746	19588.690000000002	-97.93999999947846
747	15734.539999999979	-11665.659999999218
748	29986.089999999967	20.41000000014901
749	-12011.670000000042	-2581.05999999959
750	22500.849999999977	20.490000000223517
751	23237.859999999986	-1282.0999999996275
752	26238.5	3926.8400000007823
753	29240.56999999995	6509.209999999963
754	17989.899999999965	-10360.549999999814
755	17241.98999999999	-9068.359999999404
756	19482.53999999998	-2580.7999999998137
757	22483.25999999995	-2571.199999999255
758	21751.849999999977	-3869.80999999959
759	17994.880000000005	-2569.0699999993667
760	17248.109999999986	-11666.169999999925
761	20983.190000000002	-2572.5400000000373
762	19490.469999999972	-5180.399999999441
763	22489.440000000002	-5174.629999999888
764	23237.630000000005	-3877.8799999998882
765	22490.25999999995	2617.94000000041
766	16495.630000000005	-12971.419999999925
767	28485.28999999998	2622.100000000559
768	17994.76999999996	-12964.099999999627
769	23990.50999999995	-2577.4399999994785
770	27745.329999999958	1302.890000000596
771	27733.03999999998	-1278.269999999553
772	20238.22999999998	-3873.8799999998882
773	16488.03999999998	-2583.7299999995157
774	26237.309999999998	1321.6800000006333
775	18739.50999999995	-1280.5999999996275
776	26240.849999999977	-1277.9799999995157
777	24736.380000000005	-1273.1599999992177
778	21754.119999999995	1308.0800000000745
779	-14262.940000000002	-1275.9099999992177
780	18733.97999999998	-9063.459999999963
781	-15762.25	-1282.7799999993294
782	23987.559999999998	2610.910000000149
783	18736.27999999997	-6484.620000000112
784	23988.139999999956	29.700000000186265
785	-17237.98000000004	-1214.2599999997765
786	-26263.650000000023	11712.0
787	-27782.330000000016	11616.730000000447
788	20244.159999999974	-1284.0299999993294
789	23231.940000000002	1324.6500000003725
790	33739.82999999996	6516.540000000037
791	-9764.820000000007	-3889.1299999998882
792	20991.27999999997	20.600000000558794
793	21727.27999999997	-1268.859999999404
794	29236.940000000002	3914.3300000000745
795	-11259.830000000016	-3877.8300000000745
796	-6013.369999999995	-5181.5099999997765
797	-8261.960000000021	-3879.949999999255
798	-7511.280000000028	-5180.839999999851
799	30741.889999999956	3926.660000000149
800	-5260.580000000016	-6480.370000000112
801	31489.829999999958	2623.010000000708
802	-6761.790000000037	9107.19000000041
803	-16510.059999999998	13007.870000000112
804	-9777.910000000033	9082.610000000335
805	-754.4100000000326	1307.0900000007823
806	-5249.190000000002	9095.540000000037
807	31489.47999999998	7814.370000000112
808	32993.119999999995	7815.220000000671
809	-2270.030000000028	1295.1900000004098
810	2991.7799999999697	-2579.75
811	-2.790000000037253	-2579.9099999992177
813	-3008.4000000000233	-2581.9799999995157
814	1491.5699999999488	-2580.6599999992177
815	-3760.9000000000233	-6480.889999999665
816	-6763.340000000026	-3877.6699999999255
817	-4510.760000000009	-5172.399999999441
818	-2249.4500000000116	3910.510000000708
819	-21760.02000000002	9111.709999999963
820	-3776.5	1312.8700000001118
821	-2261.2600000000093	-6476.0999999996275
822	-3008.600000000035	-5179.159999999218
823	-3757.930000000051	-3874.4699999997392
824	-19512.090000000026	10409.060000000522
825	-1507.0900000000256	-2580.699999999255
826	-1507.3699999999953	35.54000000003725
827	-3773.5200000000186	6501.390000000596
828	-4508.420000000042	-2580.1899999994785
829	-3001.3400000000256	26.28000000026077
830	-2261.5200000000186	6494.360000000335
831	-2258.420000000042	-3879.6200000001118
832	-4509.410000000033	5209.410000000149
833	-758.3500000000349	6504.540000000037
835	-1521.5200000000186	2596.8100000005215
836	-1490.7900000000373	5202.620000000112
837	-3.25	2563.140000000596
838	0.0	0.0
840	-3746.490000000049	3888.350000000559
841	-40.04000000003725	5215.140000000596
842	-15006.680000000051	13014.600000000559
843	-6009.160000000033	5197.640000000596
844	-18002.670000000042	10416.700000000186
845	-15766.309999999998	11734.0
846	-1519.0900000000256	7818.120000000112
847	-18752.140000000014	11715.060000000522
849	-5260.080000000016	6514.590000000782
850	-4486.350000000035	7834.4000000003725
851	-3769.890000000014	9120.490000000224
852	-763.4200000000419	9097.770000000484
853	-6013.020000000019	7806.930000000633
855	-8267.430000000051	16907.010000000708
856	-2290.0500000000466	9133.370000000112
859	-12014.059999999998	7805.070000000298
860	-8246.150000000023	11723.330000000075
861	-7503.150000000023	13021.070000000298
862	-9012.070000000007	13004.600000000559
863	-12753.570000000007	6512.610000000335
864	-10509.369999999995	7807.1500000003725
865	-13512.520000000019	7809.450000000186
866	-11257.170000000042	6518.69000000041
867	-12762.610000000044	9114.040000000037
868	-11267.990000000049	9102.290000000037
869	-11262.440000000002	11724.290000000037
870	-12756.48000000004	11708.260000000708
871	-10503.26000000001	10411.550000000745
872	-13502.840000000026	10409.290000000037
873	-12006.650000000023	10405.650000000373
874	21738.130000000005	-6475.979999999516
875	20237.190000000002	-6470.199999999255
876	23240.899999999965	-6478.3499999996275
877	24733.919999999984	-6472.870000000112
878	23995.04999999999	-7774.129999999888
879	23240.559999999998	-9066.71999999974
880	25483.169999999984	-5189.989999999292
881	26243.5	-6475.409999999218
882	21737.409999999974	-9064.790000000037
883	20993.389999999956	-7765.1899999994785
884	22488.25	-10362.419999999925
885	22492.579999999958	-7775.859999999404
886	23975.639999999956	-10368.830000000075
887	24746.72999999998	-9039.889999999665
888	23242.50999999995	-11651.909999999218
889	20240.940000000002	-9063.489999999292
890	25485.659999999974	-2584.699999999255
891	28484.329999999958	-2586.429999999702
892	25485.909999999974	-7779.219999999739
893	21736.859999999986	-11665.019999999553
894	20994.77999999997	-10367.769999999553
895	18745.75	-11670.46999999974
896	26991.81999999995	-2578.6899999994785
897	20237.630000000005	-11669.129999999888
899	-10511.400000000023	13030.350000000559
900	-14261.410000000033	11698.700000000186
901	-13516.590000000026	13016.080000000075
902	-14274.070000000007	9119.820000000298
903	-16510.46000000002	10420.950000000186
904	-15767.940000000002	9117.340000000782
905	-15018.059999999998	10420.340000000782
906	-18011.48000000004	7818.9900000002235
907	-9745.800000000047	11708.459999999963
908	26989.389999999956	-5199.519999999553
909	-17273.43000000005	11715.209999999963
910	26229.56999999995	-3873.1399999996647
911	27737.899999999965	-3882.089999999851
912	-15003.400000000023	7821.340000000782
913	24740.929999999993	-3893.3799999998882
914	-16516.400000000023	7811.2400000002235
915	-17259.75	14304.450000000186
916	-14270.300000000047	6511.44000000041
917	-23272.170000000042	19481.60000000056
918	-18772.910000000033	9118.69000000041
919	-18001.71000000002	13016.19000000041
920	-17260.890000000014	9104.410000000149
921	-18742.20000000001	14316.850000000559
922	-7512.309999999998	18223.520000000484
923	-18011.43000000005	15613.100000000559
924	-25515.780000000028	15631.419999999925
925	-15752.309999999998	14309.350000000559
926	-24017.570000000007	18228.56000000052
927	-10515.26000000001	18211.950000000186
928	-12014.240000000049	15603.97000000067
929	-24744.570000000007	16921.81000000052
930	-26935.350000000035	13060.590000000782
931	-16509.77000000002	15603.69000000041
932	-26239.880000000005	14315.100000000559
933	-9039.660000000033	18242.200000000186
934	-11260.410000000033	14308.870000000112
935	-14256.240000000049	14305.410000000149
936	-12755.180000000051	14316.44000000041
937	-9030.0	23398.980000000447
938	-28505.400000000023	-2595.339999999851
939	-27771.350000000035	-3875.5
940	-30000.95000000001	-2577.7799999993294
941	-29249.050000000047	-3880.1699999999255
942	-24762.01000000001	-11682.080000000075
943	-30769.26000000001	-3877.6599999992177
944	-32255.780000000028	-3877.4199999999255
945	-33757.01000000001	-3877.949999999255
946	-11268.0	16914.87000000011
947	-12765.770000000019	16914.300000000745
948	-33017.92000000004	-2568.5800000000745
949	-31510.800000000047	-2590.30999999959
950	-14268.710000000021	16905.480000000447
951	-24013.119999999995	-12983.290000000037
952	-26256.580000000016	-14253.830000000075
953	-9757.960000000021	16920.35000000056
954	-31509.330000000016	-5176.629999999888
955	-14999.420000000042	15607.340000000782
956	-34503.600000000035	-2591.5499999998137
957	-13522.059999999998	15603.200000000186
958	-25507.590000000026	-12975.939999999478
959	-9761.75	14305.879999999888
960	-27770.280000000028	-14259.359999999404
961	-10520.520000000019	15611.480000000447
962	-8269.490000000049	24700.75
963	-20242.780000000028	16907.290000000037
964	20988.25	2619.7099999999627
965	-18766.99000000005	16892.260000000708
966	-6772.960000000021	24688.930000000633
967	-24017.030000000028	-10378.979999999516
968	-5263.869999999995	24703.44000000041
969	-7494.170000000042	23401.790000000037
970	-23260.850000000035	-11660.009999999776
971	-22512.890000000014	-10364.02999999933
972	-33016.31	-5170.7599999997765
973	-23261.74000000005	-9082.0
974	-6016.070000000007	23397.330000000075
975	-3771.0200000000186	22097.200000000186
976	-8993.800000000047	20796.790000000037
977	-10533.850000000035	20796.610000000335
978	-28527.590000000026	-12986.359999999404
979	-10518.559999999998	23399.919999999925
980	-27007.420000000042	-12983.399999999441
981	-26249.610000000044	-11662.979999999516
982	-4515.990000000049	20809.75
983	-8249.280000000028	19525.180000000633
984	-4519.020000000019	23402.330000000075
985	-9755.76000000001	24682.56000000052
986	-7501.320000000007	20798.31000000052
987	-6008.290000000037	20820.570000000298
988	-9767.700000000012	19504.35000000056
989	-12699.98000000004	19489.81000000052
990	-8265.630000000005	22096.47000000067
992	-5262.020000000019	22100.640000000596
993	-9755.850000000035	22078.110000000335
994	-6765.090000000026	22097.169999999925
996	20235.849999999977	1320.390000000596
997	-18008.22000000003	18200.37999999989
998	-11264.98000000004	22113.5
999	-12008.809999999998	23422.03000000026
1000	-12017.960000000021	20793.31000000052
1001	-12705.790000000037	22118.62999999989
1002	19487.949999999953	2617.510000000708
1003	18738.699999999953	1318.6100000003353
1004	22489.579999999958	5207.290000000037
1005	20239.829999999958	3920.230000000447
1006	17989.02999999997	18.510000000707805
1007	21738.709999999963	3917.4500000001863
1008	14988.409999999974	-2577.399999999441
1009	15738.089999999967	-1280.0299999993294
1010	16487.709999999963	17.200000000186265
1011	17237.27999999997	1319.890000000596
1012	5236.27999999997	-1279.1599999992177
1013	4491.229999999981	-2580.2199999997392
1014	5986.199999999953	-2580.4699999997392
1015	6740.809999999998	-3884.0
1016	4488.989999999991	-5175.870000000112
1017	5989.709999999963	-5187.319999999367
1018	6750.899999999965	-6476.0999999996275
1019	5241.889999999956	-3882.519999999553
1020	-17258.110000000044	16898.020000000484
1021	-19507.77000000002	18200.12999999989
1022	-15734.75	16895.640000000596
1023	-22523.309999999998	18238.570000000298
1024	-21033.080000000016	15626.650000000373
1025	-23245.21000000002	16915.270000000484
1026	-19510.24000000005	15629.770000000484
1027	-21761.380000000005	16916.669999999925
1028	-22484.47000000003	15618.240000000224
1029	-24758.820000000007	14320.590000000782
1030	-24018.830000000016	15624.540000000037
1031	-23237.840000000026	14323.97000000067
1032	-18757.830000000016	19497.980000000447
1033	-13512.25	18200.44000000041
1034	-15758.210000000021	19498.570000000298
1035	-15014.98000000004	18202.959999999963
1036	-20239.27000000002	19479.91000000015
1037	-21769.100000000035	19488.62999999989
1038	-16511.559999999998	18198.91000000015
1039	-21004.22000000003	18213.520000000484
1040	-17260.580000000016	19500.540000000037
1041	-16512.850000000035	20802.87999999989
1042	-14262.350000000035	19502.31000000052
1043	-15010.790000000037	20801.12999999989
1044	-13509.530000000028	20800.360000000335
1045	-18009.050000000047	20802.260000000708
1046	-21023.090000000026	20803.700000000186
1047	-22499.97000000003	20778.28000000026
1048	-19501.440000000002	20815.090000000782
1049	-15768.400000000023	22098.680000000633
1050	-13507.410000000033	23389.22000000067
1051	-15014.640000000014	23392.03000000026
1052	-14261.770000000019	22103.840000000782
1053	-30014.580000000016	-5179.639999999665
1054	-28514.420000000042	-5156.819999999367
1055	-27764.76000000001	-6470.389999999665
1056	-29285.18000000005	-6490.029999999329
1057	-30002.22000000003	-7760.8300000000745
1058	-32264.20000000001	-6472.589999999851
1059	-30774.130000000005	-6483.0999999996275
1060	-31493.70000000001	-7757.179999999702
1061	-29267.75	-9059.459999999963
1062	-27766.050000000047	-9068.239999999292
1063	-30754.46000000002	-9061.330000000075
1064	-28512.02000000002	-7766.769999999553
1065	-27753.630000000005	-11667.129999999888
1066	-29236.309999999998	-11662.269999999553
1067	-30019.630000000005	-10360.290000000037
1068	-28506.74000000005	-10357.259999999776
1069	-26998.040000000037	-2586.4099999992177
1070	-25510.880000000005	-2575.0099999997765
1071	-24760.530000000028	-3895.7099999999627
1072	-24002.690000000002	-2571.2799999993294
1073	-26263.74000000005	-9083.96999999974
1074	-27020.110000000044	-10361.229999999516
1075	-26999.99000000005	-7763.5099999997765
1076	-22506.830000000016	-7778.4199999999255
1077	-26256.440000000002	-6473.519999999553
1078	-27005.290000000037	-5180.80999999959
1079	-25588.130000000005	-5157.179999999702
1080	-26276.52000000002	-3880.0400000000373
1081	-25508.630000000005	-7776.949999999255
1082	-24747.530000000028	-9092.429999999702
1083	-24008.550000000047	-7779.639999999665
1084	-25519.93000000005	-10377.989999999292
1085	-5258.290000000037	19504.320000000298
1086	-3768.9000000000233	19516.180000000633
1087	-6013.170000000042	18212.390000000596
1088	-6755.619999999995	19509.169999999925
1089	-3004.5200000000186	20801.81000000052
1090	-3013.420000000042	18213.520000000484
1091	-4517.920000000042	18216.87000000011
1092	-1523.1300000000047	20803.980000000447
1093	-1520.4000000000233	18217.570000000298
1094	-759.1700000000419	19506.97000000067
1095	-5.790000000037253	20814.16000000015
1096	-9.25	18217.400000000373
1097	2989.4199999999837	23367.669999999925
1098	4509.089999999967	25990.800000000745
1099	2994.179999999993	25988.200000000186
1100	3739.3800000000047	24691.41000000015
1101	4483.489999999991	28586.12000000011
1102	5978.719999999972	28525.62000000011
1103	5236.459999999963	27266.94000000041
1104	3733.539999999979	27304.930000000633
1105	5243.909999999974	24697.209999999963
1106	4490.719999999972	23422.740000000224
1107	6708.259999999951	24691.830000000075
1108	5976.52999999997	26006.680000000633
1109	7488.889999999956	26005.16000000015
1110	7490.380000000005	23417.209999999963
1111	7497.599999999977	20792.110000000335
1112	8243.949999999953	22094.450000000186
1113	8991.01999999996	20798.800000000745
1114	8991.75	23389.990000000224
1115	7481.380000000005	28574.990000000224
1116	6753.549999999988	27262.580000000075
1117	8223.199999999953	27281.97000000067
1118	8987.469999999972	26001.650000000373
1119	8244.899999999965	24695.290000000037
1120	8989.809999999998	28574.919999999925
1121	8229.76999999996	16915.41000000015
1122	7483.669999999984	18195.570000000298
1124	8986.25	18199.31000000052
1125	11982.949999999953	25993.760000000708
1126	10486.109999999986	28586.610000000335
1127	11236.649999999965	27283.820000000298
1128	10484.02999999997	26000.650000000373
1129	14242.190000000002	27306.490000000224
1130	13484.849999999977	28600.040000000037
1131	11976.119999999995	28597.050000000745
1132	12742.190000000002	27296.730000000447
1133	12738.539999999979	29873.85000000056
1134	14247.959999999963	29883.12000000011
1135	15742.77999999997	27299.75
1136	14991.139999999956	28588.510000000708
1137	17981.359999999986	28580.510000000708
1138	15734.209999999963	29883.230000000447
1139	17234.169999999984	29892.580000000075
1140	16491.559999999998	28597.570000000298
1141	13492.149999999965	25989.200000000186
1142	14986.159999999974	25996.860000000335
1143	16486.099999999977	23409.06000000052
1144	16503.579999999958	25998.150000000373
1145	20247.889999999956	29900.709999999963
1146	18727.859999999986	29894.700000000186
1147	19485.389999999956	28600.12999999989
1148	20974.609999999986	28618.550000000745
1149	14999.409999999974	23422.800000000745
1150	15740.52999999997	24697.12999999989
1151	14236.069999999949	24695.070000000298
1152	13495.02999999997	23392.669999999925
1153	14228.27999999997	22100.040000000037
1154	13483.190000000002	20805.66000000015
1155	15728.589999999967	22095.760000000708
1156	14986.599999999977	20792.790000000037
1158	16487.51999999996	20821.490000000224
1159	14246.73999999999	19480.69000000041
1161	15731.940000000002	19491.490000000224
1162	13486.52999999997	18197.790000000037
1163	7491.199999999953	15604.800000000745
1164	9726.079999999958	27286.37999999989
1165	19484.73999999999	-12966.0
1173	18743.409999999974	-14264.699999999255
1174	19489.929999999993	-10366.929999999702
1175	22487.309999999998	-12962.209999999963
1176	20987.27999999997	-12962.419999999925
1185	-2244.6500000000233	11715.22000000067
1186	-755.6000000000349	11721.890000000596
1187	-4512.180000000051	15615.010000000708
1188	-5255.380000000005	14311.44000000041
1189	-6006.400000000023	15602.910000000149
1190	-4510.740000000049	13022.490000000224
1191	-6015.680000000051	13005.379999999888
1192	-7496.23000000004	15599.740000000224
1193	-19.320000000006985	13013.360000000335
1194	-1509.5599999999977	13012.959999999963
1195	-3008.0400000000373	13011.360000000335
1196	-765.4900000000489	16914.020000000484
1197	-2256.0200000000186	16916.570000000298
1198	-3759.9500000000116	11710.75
1199	-1522.4300000000512	15613.450000000186
1200	-8.260000000009313	15617.270000000484
1201	-5257.140000000014	16916.980000000447
1202	-6759.960000000021	16913.070000000298
1203	-3008.2700000000186	15618.740000000224
1204	-3757.9100000000326	16918.41000000015
1205	-6756.510000000009	11714.72000000067
1207	-4492.860000000044	10410.410000000149
1208	-5998.260000000009	10422.129999999888
1209	-4445.059999999998	2417.2400000002235
1210	-6759.0	3916.9300000006333
1211	-6765.280000000028	6506.9000000003725
1212	-8.39000000001397	10407.390000000596
1213	-5259.460000000021	3917.1200000001118
1214	-1510.0200000000186	10407.650000000373
1215	-3020.600000000035	2570.1800000006333
1216	-2999.5800000000163	10412.810000000522
1217	-7506.920000000042	5218.850000000559
1218	-7510.619999999995	7804.4900000002235
1219	-8253.300000000047	6517.410000000149
1220	-9011.660000000033	7807.19000000041
1221	-10510.390000000014	5228.3300000000745
1222	-9764.550000000047	6515.1699999999255
1223	-9010.240000000049	5208.100000000559
1224	-9094.930000000051	10394.910000000149
1225	-8262.540000000037	9103.950000000186
1226	-8261.130000000005	14294.320000000298
1227	-7536.930000000051	10385.050000000745
1228	-6740.840000000026	14314.050000000745
1229	-3747.6199999999953	14315.050000000745
1230	-2263.8000000000466	19521.330000000075
1231	-757.7800000000279	14323.580000000075
1232	-4513.840000000026	19.78000000026077
1233	-754.210000000021	-1333.519999999553
1234	-3757.390000000014	-1282.109999999404
1235	-2260.530000000028	-1277.1399999996647
1236	13485.869999999995	-2577.9199999999255
1237	15740.599999999977	1317.4700000006706
1238	12740.399999999965	-1280.5599999995902
1239	14234.819999999949	-1283.929999999702
1240	14242.209999999963	1313.8799999998882
1244	-21774.690000000002	-14271.049999999814
1245	-25510.95000000001	-15568.259999999776
1246	-22512.600000000035	-15568.089999999851
1247	-27018.809999999998	-15556.290000000037
1248	-23254.080000000016	-14250.919999999925
1250	-21012.24000000005	-15567.959999999963
1251	-21755.130000000005	-9061.549999999814
1254	-11257.390000000014	19499.41000000015
1260	-24002.570000000007	-15563.199999999255
1261	-24764.570000000007	-14275.669999999925
1262	-22512.900000000023	-18177.139999999665
1263	-23246.49000000005	-16860.80999999959
1264	-2277.7000000000116	14327.75
1269	-18770.850000000035	-9019.179999999702
1270	5154.179999999993	22155.959999999963
1271	-19495.390000000014	-15541.429999999702
1273	2901.899999999965	15656.919999999925
1274	6652.169999999984	19554.010000000708
1275	649.0299999999697	19566.680000000633
1276	-21674.940000000002	-6533.3300000000745
1277	1397.0	18256.430000000633
1278	5149.699999999953	19558.919999999925
1279	2151.6999999999534	22167.35000000056
1280	-15756.780000000028	-9046.839999999851
1281	3644.329999999958	22162.62000000011
1282	-19510.550000000047	-7817.399999999441
1283	5151.179999999993	16960.680000000633
1284	6652.52999999997	22159.270000000484
1285	5990.819999999949	13.510000000707805
1286	-23278.440000000002	-3888.649999999441
1287	1395.5499999999884	15660.75
1288	13488.01999999996	13.800000000745058
1289	2904.7699999999604	20859.140000000596
1290	14989.889999999956	19.12000000011176
1291	4398.699999999953	15659.919999999925
1292	5901.919999999984	20862.590000000782
1293	1403.4099999999744	20867.85000000056
1294	2896.649999999965	18256.5
1295	5897.709999999963	15663.020000000484
1296	2147.539999999979	19549.41000000015
1297	4401.869999999995	20863.31000000052
1298	3648.6399999999558	19557.91000000015
1301	2149.469999999972	16953.709999999963
1302	6648.069999999949	16958.10000000056
1303	650.6199999999953	16957.959999999963
1304	739.289999999979	22097.290000000037
1305	9734.799999999988	6504.879999999888
1306	-14263.190000000002	-9068.0
1307	3647.899999999965	16958.69000000041
1308	-20950.640000000014	-7826.2599999997765
1309	-17257.150000000023	-6474.179999999702
1310	5903.789999999979	18262.709999999963
1312	4393.429999999993	18253.790000000037
1313	-21765.71000000002	-3886.1699999999255
1314	-30058.160000000033	5189.360000000335
1315	-18699.920000000042	-6486.049999999814
1316	-23258.95000000001	-6478.969999999739
1318	12020.179999999993	-2673.5999999996275
1319	5238.389999999956	-6479.859999999404
1320	9100.699999999953	-5239.819999999367
1321	17247.159999999974	-1285.6299999998882
1322	-15012.570000000007	-10360.269999999553
1323	-16607.21000000002	-7723.05999999959
1324	-19485.869999999995	-5082.55999999959
1326	-15759.400000000023	-6481.75
1327	-20267.48000000004	-3884.199999999255
1330	-19514.610000000044	-10357.609999999404
1332	-762.460000000021	-24664.0
1334	-18007.390000000014	-10369.609999999404
1335	-13448.800000000047	-10448.179999999702
1336	-18758.420000000042	-11671.02999999933
1337	-24760.98000000004	-6479.019999999553
1338	-21011.590000000026	-2586.1899999994785
1339	-22517.030000000028	-2581.7999999998137
1340	-22519.869999999995	-5183.75
1345	11243.309999999998	1311.390000000596
1346	9733.209999999963	24693.200000000186
1347	10485.52999999997	23399.66000000015
1348	11986.51999999996	23398.050000000745
1349	-18012.22000000003	-7782.279999999329
1350	-20241.880000000005	-9090.589999999851
1352	-15010.840000000026	-7782.229999999516
1353	8991.639999999956	15598.110000000335
1354	11239.949999999953	6493.570000000298
1355	9734.119999999995	19505.270000000484
1356	3744.969999999972	9098.209999999963
1357	1487.789999999979	7813.320000000298
1358	11233.569999999949	19502.87999999989
1359	12738.059999999998	24698.06000000052
1360	8213.599999999977	19555.19000000041
1361	-18013.23000000004	-5175.8300000000745
1362	743.6900000000023	9108.570000000298
1363	2236.3499999999767	9108.770000000484
1365	5238.51999999996	9111.660000000149
1366	1480.1599999999744	12999.450000000186
1367	743.8899999999558	11702.900000000373
1368	4491.089999999967	10411.69000000041
1369	11233.759999999951	24702.72000000067
1370	2248.5	11700.270000000484
1371	739.7799999999697	6512.110000000335
1372	2235.2999999999884	6510.010000000708
1373	1495.759999999951	10401.72000000067
1374	4480.869999999995	7811.020000000484
1375	12736.759999999951	6509.800000000745
1378	8236.01999999996	11710.860000000335
1379	9741.219999999972	14303.75
1380	12738.909999999974	14305.810000000522
1381	11987.809999999998	20804.75
1382	-764.6600000000326	22106.830000000075
1383	10486.659999999974	10409.200000000186
1384	10487.479999999981	20802.290000000037
1385	17988.130000000005	5209.680000000633
1386	9742.51999999996	9109.870000000112
1387	11234.229999999981	22102.520000000484
1388	18746.809999999998	14296.209999999963
1389	17987.04999999999	15600.770000000484
1390	8985.109999999986	10406.879999999888
1391	7490.089999999967	10406.760000000708
1392	12738.73999999999	22099.890000000596
1393	12735.77999999997	3912.3799999998882
1394	9736.139999999956	22098.230000000447
1395	11239.909999999974	14308.040000000037
1396	7494.299999999988	7806.120000000112
1397	11986.329999999958	10409.72000000067
1398	8230.309999999998	9112.930000000633
1399	9735.929999999993	16903.19000000041
1400	11239.609999999986	16906.47000000067
1401	12735.73999999999	9107.770000000484
1402	7483.399999999965	13006.890000000596
1403	10496.429999999993	18210.75
1404	10493.25	13.0
1405	11237.089999999967	11707.230000000447
1406	8986.669999999984	13003.340000000782
1407	14238.76999999996	6506.160000000149
1408	16486.75	7807.75
1409	14990.039999999979	7812.610000000335
1410	13486.079999999958	7809.0600000005215
1411	6692.51999999996	14335.800000000745
1412	6741.079999999958	1311.1299999998882
1413	3691.649999999965	14332.360000000335
1414	6736.77999999997	-1282.949999999255
1415	8984.929999999993	32.700000000186265
1416	11988.339999999967	11.550000000745058
1417	15737.440000000002	6512.510000000708
1418	2201.319999999949	14332.070000000298
1419	2990.329999999958	5221.8300000000745
1420	4486.119999999995	5215.4000000003725
1421	735.929999999993	3915.3700000001118
1422	6739.5	3917.7400000002235
1423	11225.52999999997	9110.790000000037
1424	5982.52999999997	5213.100000000559
1425	2236.0999999999767	3912.0800000000745
1426	3743.929999999993	3909.9900000002235
1427	5238.589999999967	11699.060000000522
1428	5241.609999999986	3915.5400000000373
1429	1490.399999999965	2620.4500000001863
1430	5988.899999999965	2616.480000000447
1431	6746.179999999993	11707.419999999925
1432	2991.5599999999977	2611.2400000002235
1433	4490.339999999967	2611.3799999998882
1434	5186.959999999963	14323.209999999963
1435	4481.799999999988	13003.669999999925
1436	2235.819999999949	1306.9900000002235
1437	3744.1300000000047	-1289.1200000001118
1438	735.539999999979	14298.830000000075
1439	5998.409999999974	13007.28000000026
1440	5231.76999999996	1311.5600000005215
1443	4474.479999999981	58.45999999996275
1444	2249.5299999999697	-1269.179999999702
1445	733.8499999999767	1308.2000000001863
1446	3736.0299999999697	1307.6299999998882
1447	1488.8399999999674	18.230000000447035
1448	12039.619999999995	5208.950000000186
1449	2992.5199999999604	7822.709999999963
1450	16488.97999999998	10407.379999999888
1451	20990.639999999956	10401.560000000522
1452	13486.219999999972	5206.950000000186
1453	15735.799999999988	11701.790000000037
1454	20988.27999999997	13003.480000000447
1455	18736.54999999999	11704.370000000112
1456	8985.369999999995	5210.180000000633
1457	17236.72999999998	11707.070000000298
1458	17235.98999999999	9104.090000000782
1459	8987.149999999965	-2582.0499999998137
1460	8239.27999999997	3918.2099999999627
1461	2982.6699999999837	13010.640000000596
1462	3739.219999999972	11708.590000000782
1463	10497.109999999986	5207.8100000005215
1464	11246.609999999986	3910.19000000041
1465	14238.729999999981	9108.19000000041
1466	21737.969999999972	9104.660000000149
1467	8239.009999999951	-1282.449999999255
1468	8239.48999999999	14311.590000000782
1469	14977.929999999993	5216.1500000003725
1470	22487.649999999965	7809.300000000745
1471	20241.02999999997	24694.97000000067
1472	-12003.640000000014	13018.22000000067
1473	10496.859999999986	2609.6100000003353
1474	19487.98999999999	10402.680000000633
1475	20238.54999999999	9105.080000000075
1476	19490.31999999995	13006.080000000075
1477	17988.949999999953	10406.800000000745
1478	739.539999999979	27295.47000000067
1480	14238.549999999988	16902.78000000026
1481	1484.6300000000047	23395.62000000011
1482	-10.290000000037253	25999.800000000745
1483	2246.6699999999837	27289.830000000075
1484	23232.31999999995	24697.290000000037
1485	-12.78000000002794	23419.430000000633
1486	-2267.6500000000233	22102.430000000633
1487	2228.789999999979	24703.669999999925
1488	17988.919999999984	23394.700000000186
1489	18738.01999999996	24693.56000000052
1490	20989.630000000005	7805.790000000037
1491	9742.069999999949	3915.5200000004843
1492	8990.899999999965	2612.820000000298
1493	17241.190000000002	14307.900000000373
1494	17997.199999999953	13008.300000000745
1495	18740.26999999996	6514.520000000484
1496	20239.399999999965	14304.129999999888
1497	20236.97999999998	11705.0
1498	7483.899999999965	5212.030000000261
1499	8238.059999999998	1315.550000000745
1500	14230.929999999993	3912.7900000000373
1501	2990.1999999999534	28587.919999999925
1502	15731.690000000002	9108.160000000149
1503	17234.389999999956	6503.5600000005215
1504	16487.52999999997	5211.950000000186
1505	17984.97999999998	7815.020000000484
1506	-2260.140000000014	27287.87999999989
1507	732.7399999999907	24697.590000000782
1508	19490.75	7809.340000000782
1509	14240.609999999986	11713.600000000559
1510	14988.709999999963	10405.169999999925
1511	20990.429999999993	15604.050000000745
1512	18731.419999999984	9101.709999999963
1513	13478.169999999984	10403.610000000335
1514	20234.630000000005	6512.629999999888
1515	7484.969999999972	2612.640000000596
1516	19487.00999999995	15599.540000000037
1517	7488.359999999986	23.330000000074506
1518	5984.819999999949	10401.44000000041
1519	5991.669999999984	7804.430000000633
1520	6737.979999999981	9105.910000000149
1521	12746.229999999981	1321.8500000005588
1522	8997.75	7797.610000000335
1523	8238.329999999958	6515.470000000671
1524	11983.440000000002	7813.379999999888
1525	3737.609999999986	6501.1500000003725
1526	1494.7699999999604	5212.890000000596
1527	5243.489999999991	6500.1699999999255
1528	6739.659999999974	6512.040000000037
1529	7485.469999999972	-2583.5999999996275
1530	12735.349999999977	16905.950000000186
1531	10486.539999999979	15618.990000000224
1532	11987.709999999963	18202.010000000708
1533	10492.179999999993	7813.890000000596
1534	9737.299999999988	1322.25
1535	9738.709999999963	11712.050000000745
1536	11986.229999999981	12999.390000000596
1537	12740.190000000002	19510.12000000011
1538	10488.889999999956	13002.19000000041
1539	11991.619999999995	15602.78000000026
1540	12734.669999999984	11706.350000000559
1541	20241.130000000005	16906.020000000484
1542	15737.649999999965	16904.06000000052
1543	17239.079999999958	16906.75
1544	18741.589999999967	16909.150000000373
1545	-756.7000000000116	24692.040000000037
1546	-2260.8000000000466	24705.770000000484
1547	-3008.210000000021	25994.12000000011
1548	-1513.8400000000256	23406.200000000186
1549	-3772.0400000000373	24676.990000000224
1550	-1512.3400000000256	26002.0
1551	-760.1199999999953	27290.950000000186
1552	-3017.2700000000186	23403.770000000484
1553	1483.3199999999488	25998.94000000041
1554	18740.179999999993	27296.37000000011
1555	20243.23999999999	27297.75
1556	19489.149999999965	25991.990000000224
1557	20992.22999999998	25996.840000000782
1558	17988.089999999967	18202.330000000075
1559	17237.639999999956	19496.94000000041
1560	19487.690000000002	20800.840000000782
1561	20233.339999999967	19498.16000000015
1562	19487.940000000002	18203.19000000041
1563	17235.609999999986	24700.53000000026
1564	21745.829999999958	27296.010000000708
1565	17248.399999999965	27238.570000000298
1566	23236.399999999965	22095.090000000782
1567	22490.349999999977	20797.320000000298
1568	25478.609999999986	12999.230000000447
1569	23987.949999999953	13003.260000000708
1571	24739.26999999996	16908.110000000335
1572	18734.909999999974	19499.06000000052
1573	26239.79999999999	16902.75
1576	22483.609999999986	23392.69000000041
1577	22488.22999999998	18200.53000000026
1578	26233.919999999984	19502.610000000335
1579	23240.52999999997	14302.590000000782
1580	26235.209999999963	22102.200000000186
1581	23988.609999999986	18201.240000000224
1582	24736.03999999998	19500.640000000596
1583	25487.309999999998	15602.959999999963
1584	23991.949999999953	15586.590000000782
1585	22485.059999999998	15603.97000000067
1586	21733.179999999993	22099.320000000298
1587	17990.699999999953	25997.12999999989
1588	23985.75999999995	23396.62000000011
1589	20984.409999999974	18200.640000000596
1590	24744.5	14298.860000000335
1591	27737.349999999977	16901.400000000373
1592	22494.309999999998	10402.490000000224
1593	23992.75	10406.840000000782
1594	19489.719999999972	23392.87000000011
1595	20989.649999999965	23393.87000000011
1596	20235.889999999956	22097.770000000484
1597	17990.940000000002	20802.209999999963
1598	24001.589999999967	20787.020000000484
1599	24733.109999999986	22096.53000000026
1600	31491.97999999998	18204.230000000447
1601	21740.059999999998	14302.169999999925
1602	22487.829999999958	13006.510000000708
1603	32990.50999999995	15597.540000000037
1604	25480.099999999977	20807.790000000037
1605	20987.579999999958	20802.16000000015
1606	22486.940000000002	25999.580000000075
1607	17234.959999999963	22097.75
1608	18736.48999999999	22101.10000000056
1609	21742.25	24693.200000000186
1610	32986.53999999998	13002.320000000298
1611	26237.81999999995	11702.810000000522
1612	24740.639999999956	11704.650000000373
1613	33738.06999999995	14292.290000000037
1614	25488.06999999995	18206.97000000067
1615	21736.369999999995	19511.12999999989
1616	26990.01999999996	18196.97000000067
1617	23239.97999999998	19508.03000000026
1619	25493.409999999974	10403.870000000112
1620	24740.089999999967	24698.860000000335
1621	31490.50999999995	13001.879999999888
1623	29239.659999999974	11704.97000000067
1624	32240.709999999963	16896.66000000015
1626	30737.47999999998	16899.550000000745
1628	32236.199999999953	14299.650000000373
1629	30739.56999999995	11702.290000000037
1630	31491.26999999996	15603.800000000745
1631	25487.219999999972	23399.930000000633
1632	28486.679999999993	13001.770000000484
1633	29242.309999999998	16901.91000000015
1634	29988.659999999974	13009.550000000745
1635	32239.81999999995	11701.550000000745
1636	26991.81999999995	12997.200000000186
1637	26238.079999999958	14296.270000000484
1638	27743.079999999958	22097.150000000373
1639	29242.969999999972	14296.410000000149
1640	23247.059999999998	11696.640000000596
1641	21741.179999999993	16904.260000000708
1642	21740.00999999995	11704.240000000224
1643	23242.579999999958	16900.10000000056
1644	29985.47999999998	15613.25
1645	29241.29999999999	19501.140000000596
1646	28487.559999999998	15605.200000000186
1647	28487.709999999963	18200.390000000596
1648	27746.98999999999	11707.370000000112
1649	26971.29999999999	23398.550000000745
1650	26237.22999999998	24695.72000000067
1651	26991.03999999998	20794.270000000484
1652	28489.859999999986	20793.010000000708
1653	30739.919999999984	14304.28000000026
1654	23988.06999999995	25997.209999999963
1656	26991.04999999999	15601.340000000782
1657	29987.75	18199.97000000067
1658	27739.409999999974	19500.830000000075
1659	24749.130000000005	27313.37000000011
1660	25489.75999999995	25996.209999999963
1661	-12014.590000000026	18214.81000000052
1662	26989.880000000005	25999.760000000708
1663	23247.949999999953	27291.709999999963
1664	22485.51999999996	28585.520000000484
1665	29991.27999999997	23398.47000000067
1667	30741.659999999974	22100.730000000447
1668	29240.149999999965	24696.540000000037
1669	27743.199999999953	24698.260000000708
1670	28492.669999999984	23400.360000000335
1671	30738.609999999986	19508.94000000041
1672	31489.359999999986	20798.770000000484
1673	29989.23999999999	20795.540000000037
1674	29238.389999999956	22102.320000000298
1675	32990.109999999986	18195.91000000015
1676	33731.82999999996	16905.37000000011
1677	32238.22999999998	19501.550000000745
1678	32987.54999999999	10403.25
1679	32237.5	9102.44000000041
1680	30739.929999999993	9104.0
1681	29984.969999999972	7823.040000000037
1682	31487.589999999967	10403.900000000373
1683	27821.29999999999	9081.419999999925
1684	28490.75	10404.090000000782
1685	28482.97999999998	7648.970000000671
1686	27743.589999999967	6499.100000000559
1687	29987.79999999999	10404.370000000112
1688	26991.419999999984	10407.870000000112
1689	29237.899999999965	9111.53000000026
1690	26239.609999999986	6509.660000000149
1691	26987.099999999977	5217.730000000447
1692	26984.940000000002	7784.879999999888
1693	17987.00999999995	2615.44000000041
1694	26258.449999999953	9009.080000000075
1695	-8254.710000000021	1321.230000000447
1696	24739.440000000002	3911.9500000001863
1697	23240.54999999999	3910.480000000447
1698	23232.630000000005	6504.510000000708
1699	25492.669999999984	5222.050000000745
1700	23989.440000000002	7801.25
1701	25486.709999999963	7807.8300000000745
1702	16497.97999999998	2598.5600000005215
1703	21735.869999999995	6502.790000000037
1704	24745.849999999977	9106.360000000335
1705	19485.880000000005	5210.9000000003725
1706	20988.78999999998	5205.260000000708
1707	17220.5	3920.9000000003725
1708	15736.359999999986	3908.4700000006706
1709	23989.389999999956	5208.3100000005215
1710	24737.51999999996	6505.94000000041
1711	23241.01999999996	9108.020000000484
1712	18740.25	3917.480000000447
1713	8240.509999999951	-3886.2900000000373
1714	10491.369999999995	-2579.9399999994785
1715	7493.859999999986	-5191.449999999255
1716	9741.649999999965	-3881.519999999553
1717	-5260.880000000005	1318.3799999998882
1718	11234.649999999965	-1283.8700000001118
1719	-6776.400000000023	1325.2000000001863
1720	9736.130000000005	-1281.179999999702
1721	-12761.990000000049	1317.7000000001863
1722	-13514.380000000005	-3.669999999925494
1723	-15764.880000000005	1311.6800000006333
1724	-14258.590000000026	1326.9400000004098
1725	-16509.790000000037	19.91000000014901
1726	-17263.71000000002	1319.320000000298
1727	-15006.51000000001	24.65000000037253
1728	-18013.640000000014	25.450000000186265
1729	-15013.450000000012	2620.8300000000745
1730	-18759.21000000002	1312.7000000001863
1731	-18014.440000000002	2618.6500000003725
1732	-16513.070000000007	2611.8400000007823
1733	-15760.330000000016	3920.4500000001863
1734	-18756.290000000037	3922.25
1735	-13505.040000000037	2620.230000000447
1736	-17259.280000000028	3913.6299999998882
1737	-15012.440000000002	5212.5800000000745
1738	-18010.820000000007	5212.3100000005215
1739	-16504.660000000033	5209.9199999999255
1740	-13512.950000000012	5209.3100000005215
1741	-12763.23000000004	3919.1500000003725
1742	-17259.610000000044	6506.140000000596
1743	-12007.97000000003	5209.44000000041
1744	-15759.270000000019	6509.69000000041
1745	-11258.01000000001	3910.6100000003353
1746	-12012.050000000047	2618.9500000001863
1747	-14256.809999999998	3916.050000000745
1748	-11261.110000000044	-1281.2099999999627
1749	-12763.400000000023	-1281.769999999553
1750	-9011.130000000005	-2566.55999999959
1751	-11295.75	1465.6200000001118
1752	-9770.75	1324.1500000003725
1753	-7506.280000000028	-2587.6399999996647
1754	-9763.160000000033	-1391.359999999404
1755	-18763.290000000037	6510.930000000633
1757	-11915.360000000044	-198.60999999940395
1758	-8263.23000000004	-1282.4399999994785
1778	-10508.559999999998	11.200000000186265
1779	-5254.600000000035	11717.740000000224
1781	-9012.72000000003	15591.650000000373
1782	-18760.130000000005	-14275.919999999925
1783	-20262.110000000044	-14295.629999999888
1784	-16510.190000000002	-10355.239999999292
1785	-17269.030000000028	-9057.639999999665
1787	-20263.280000000028	-11671.259999999776
1789	-22599.860000000044	-12828.269999999553
1791	-8854.559999999998	2786.9000000003725
1795	-7518.650000000023	14.470000000670552
1798	-6013.600000000035	2477.100000000559
1800	-5341.630000000005	-3920.769999999553
1801	-20996.24000000005	-10322.80999999959
1802	-12762.280000000028	-22058.909999999218
1803	13459.929999999993	2816.390000000596
1804	14965.559999999998	2680.44000000041
1806	-19510.290000000037	-12971.519999999553
1807	12059.440000000002	2759.4199999999255
1809	-21799.690000000002	-11497.109999999404
1817	-7525.73000000004	2612.0300000002608
1818	-9847.869999999995	3874.8100000005215
1819	-10504.97000000003	2598.850000000559
1821	2982.399999999965	14.400000000372529
1822	-24012.130000000005	-5185.870000000112
1824	-10508.809999999998	-2577.4599999999627
1828	-5263.210000000021	-1281.8499999996275
1834	-6759.040000000037	-1287.429999999702
1849	-6012.490000000049	5.330000000074506
1850	-9002.160000000033	21.34000000078231
1851	-8259.040000000037	3908.69000000041
1853	-18010.920000000042	-25958.80999999959
1854	-6761.790000000037	9107.19000000041
1860	14998.829999999958	18186.270000000484
1861	16479.50999999995	18193.72000000067
1871	743.3099999999977	-1276.4199999999255
1873	1484.9099999999744	-7786.870000000112
1875	27739.50999999995	14300.959999999963
1876	-767.6300000000047	3912.7200000006706
1877	3738.6999999999534	-6475.909999999218
1878	-3027.530000000028	5176.350000000559
1879	2993.9099999999744	10409.020000000484
1880	-15.610000000044238	7815.200000000186
1881	-763.4200000000419	9097.770000000484
1885	2988.0299999999697	-31161.459999999963
1570	-24765.24000000005	10406.430000000633
1574	-25139.530000000028	9763.25
1622	-24390.690000000002	9754.19000000041
1625	-25510.410000000033	9146.910000000149
1627	-25888.440000000002	9765.150000000373
1760	-23639.02000000002	11053.040000000037
1761	-24387.68000000005	11054.410000000149
1762	-25137.580000000016	11054.360000000335
1763	-22139.880000000005	9754.379999999888
1764	-23644.74000000005	9759.950000000186
1765	-22889.540000000037	9754.94000000041
1766	-21762.390000000014	10400.950000000186
1767	-22887.26000000001	11052.320000000298
1768	-21388.47000000003	11056.72000000067
1769	-23261.5	10403.209999999963
1770	-22135.420000000042	11051.830000000075
1771	-21391.97000000003	9755.090000000782
1772	-20639.790000000037	9757.990000000224
1773	-24021.400000000023	9106.360000000335
1774	-22512.290000000037	9104.629999999888
1775	-21012.25	9107.360000000335
1776	-22517.77000000002	11706.28000000026
1777	-24009.140000000014	11700.22000000067
1788	-26264.630000000005	10418.980000000447
1790	-26263.920000000042	7814.280000000261
1810	-22140.440000000002	8457.790000000037
1811	-24390.43000000005	8457.860000000335
1812	-25140.580000000016	8452.660000000149
1813	-23641.290000000037	8465.400000000373
1814	-21391.050000000047	8458.169999999925
1815	-20640.93000000005	8454.590000000782
1816	-22885.290000000037	8440.520000000484
1823	-21761.880000000005	7812.720000000671
1825	-23272.660000000033	7813.100000000559
1826	-24764.52000000002	7804.800000000745
1827	-25791.910000000033	8403.900000000373
1829	-26632.559999999998	8460.520000000484
1830	-26686.320000000007	9754.180000000633
1831	-27379.840000000026	8462.390000000596
1832	-27006.800000000047	9105.910000000149
1833	-27387.369999999995	9757.650000000373
1838	-21377.71000000002	7159.94000000041
1839	-23629.26000000001	7159.4000000003725
1840	-22135.900000000023	7156.270000000484
1841	-25138.059999999998	7159.209999999963
1842	-24009.119999999995	6499.2400000002235
1843	-22513.18000000005	6505.860000000335
1844	-24384.46000000002	7146.530000000261
1845	-22885.320000000007	7154.390000000596
